Score,Name
101.94075,Luke_33
197.13217,Luke_64
226.45398,Luke_67
249.81673,Luke_76
290.2597,Luke_82
237.5275,Luke_32
